time,source,name,Family,Series,Processor Type,OPN,CPU Type,Infrastructure,Socket Count,Last Time Buy,Recommended for new designs,CPU Base Freq.,CPU Max Freq.,"# of CPU Cores","# of Threads",Total L2 Cache,Total L3 Cache,TDP,AMD Configurable TDP (cTDP),Junction Temp Range,Security Processor,GPU Brand,GPU Base,GPU Max,GPU CU,"# of Displays",Max Resolution (for single display),Display Interfaces,HW Video Encode / Decode,Memory Type,Memory Controller,Ethernet,USB,USB 3.2 Gen2,SATA,Low Speed Interfaces,PCIe® Lanes,Gen4,Supported Technologies
2025-03-11 09:46:21,https://www.amd.com/en/products/specifications/embedded.html,AMD EPYC™ Embedded 9965,EPYC Embedded,EPYC Embedded 9005 Series,SOC,100-000001689-00,Zen 5c,SP5,1P/2P,,Yes,2.25 MHz,3.7 MHz,192,384,,384 MB,500W,,,,,,,,,,,,,,,,,,,,,
2025-03-11 09:46:21,https://www.amd.com/en/products/specifications/embedded.html,AMD EPYC™ Embedded 9845,EPYC Embedded,EPYC Embedded 9005 Series,SOC,100-000001690-00,Zen 5c,SP5,1P/2P,,Yes,2.1 MHz,3.7 MHz,160,320,,320 MB,390W,,,,,,,,,,,,,,,,,,,,,
2025-03-11 09:46:21,https://www.amd.com/en/products/specifications/embedded.html,AMD EPYC™ Embedded 9755,EPYC Embedded,EPYC Embedded 9005 Series,SOC,100-000001691-00,Zen 5,SP5,1P/2P,,Yes,2.7 MHz,4.1 MHz,128,256,,512 MB,500W,,,,,,,,,,,,,,,,,,,,,
2025-03-11 09:46:21,https://www.amd.com/en/products/specifications/embedded.html,AMD EPYC™ Embedded 9745,EPYC Embedded,EPYC Embedded 9005 Series,SOC,100-000001844-00,Zen 5c,SP5,1P/2P,,Yes,2.4 MHz,3.7 MHz,128,256,,256 MB,400W,,,,,,,,,,,,,,,,,,,,,
2025-03-11 09:46:21,https://www.amd.com/en/products/specifications/embedded.html,AMD EPYC™ Embedded 9655P,EPYC Embedded,EPYC Embedded 9005 Series,SOC,100-000001701-00,Zen 5c,SP5,1P,,Yes,2.6 MHz,4.5 MHz,96,192,,384 MB,400W,,,,,,,,,,,,,,,,,,,,,
2025-03-11 09:46:21,https://www.amd.com/en/products/specifications/embedded.html,AMD EPYC™ Embedded 9655,EPYC Embedded,EPYC Embedded 9005 Series,SOC,100-000001692-00,Zen 5c,SP5,1P/2P,,Yes,2.6 MHz,4.5 MHz,96,192,,384 MB,400W,,,,,,,,,,,,,,,,,,,,,
2025-03-11 09:46:21,https://www.amd.com/en/products/specifications/embedded.html,AMD EPYC™ Embedded 9555P,EPYC Embedded,EPYC Embedded 9005 Series,SOC,100-000001702-00,Zen 5c,SP5,1P,,Yes,3.2 MHz,4.4 MHz,64,128,,256 MB,360W,,,,,,,,,,,,,,,,,,,,,
2025-03-11 09:46:21,https://www.amd.com/en/products/specifications/embedded.html,AMD EPYC™ Embedded 9555,EPYC Embedded,EPYC Embedded 9005 Series,SOC,100-000001702-00,Zen 5c,SP5,1P/2P,,Yes,3.2 MHz,4.4 MHz,64,128,,256 MB,360W,,,,,,,,,,,,,,,,,,,,,
2025-03-11 09:46:21,https://www.amd.com/en/products/specifications/embedded.html,AMD EPYC™ Embedded 9535,EPYC Embedded,EPYC Embedded 9005 Series,SOC,100-000001694-00,Zen 5c,SP5,1P/2P,,Yes,2.4 MHz,4.3 MHz,64,128,,256 MB,300W,,,,,,,,,,,,,,,,,,,,,
2025-03-11 09:46:21,https://www.amd.com/en/products/specifications/embedded.html,AMD EPYC™ Embedded 9455P,EPYC Embedded,EPYC Embedded 9005 Series,SOC,100-000001703-00,Zen 5c,SP5,1P,,Yes,3.15 MHz,4.4 MHz,48,96,,256 MB,300W,,,,,,,,,,,,,,,,,,,,,
2025-03-11 09:46:21,https://www.amd.com/en/products/specifications/embedded.html,AMD EPYC™ Embedded 9455,EPYC Embedded,EPYC Embedded 9005 Series,SOC,100-000001695-00,Zen 5c,SP5,1P/2P,,Yes,3.15 MHz,4.4 MHz,48,96,,256 MB,300W,,,,,,,,,,,,,,,,,,,,,
2025-03-11 09:46:21,https://www.amd.com/en/products/specifications/embedded.html,AMD EPYC™ Embedded 9355P,EPYC Embedded,EPYC Embedded 9005 Series,SOC,100-000001704-00,Zen 5c,SP5,1P,,Yes,3.55 MHz,4.4 MHz,32,64,,256 MB,280W,,,,,,,,,,,,,,,,,,,,,
2025-03-11 09:46:21,https://www.amd.com/en/products/specifications/embedded.html,AMD EPYC™ Embedded 9355,EPYC Embedded,EPYC Embedded 9005 Series,SOC,100-000001696-00,Zen 5c,SP5,1P/2P,,Yes,3.55 MHz,4.4 MHz,32,64,,256 MB,280W,,,,,,,,,,,,,,,,,,,,,
2025-03-11 09:46:21,https://www.amd.com/en/products/specifications/embedded.html,AMD EPYC™ Embedded 9335,EPYC Embedded,EPYC Embedded 9005 Series,SOC,100-000001697-00,Zen 5c,SP5,1P/2P,,Yes,3 MHz,4.4 MHz,32,64,,128 MB,210W,,,,,,,,,,,,,,,,,,,,,
2025-03-11 09:46:21,https://www.amd.com/en/products/specifications/embedded.html,AMD EPYC™ Embedded 9255,EPYC Embedded,EPYC Embedded 9005 Series,SOC,100-000001698-00,Zen 5c,SP5,1P/2P,,Yes,3.25 MHz,4.3 MHz,24,48,,128 MB,200W,,,,,,,,,,,,,,,,,,,,,
2025-03-11 09:46:21,https://www.amd.com/en/products/specifications/embedded.html,AMD EPYC™ Embedded 9135,EPYC Embedded,EPYC Embedded 9005 Series,SOC,100-000001699-00,Zen 5c,SP5,1P/2P,,Yes,3.65 MHz,4.3 MHz,16,32,,64 MB,200W,,,,,,,,,,,,,,,,,,,,,
2025-03-11 09:46:21,https://www.amd.com/en/products/specifications/embedded.html,AMD EPYC™ Embedded 9015,EPYC Embedded,EPYC Embedded 9005 Series,SOC,100-000001700-00,Zen 5c,SP5,1P/2P,,Yes,3.6 MHz,4.1 MHz,8,16,,64 MB,125W,,,,,,,,,,,,,,,,,,,,,
2025-03-11 09:46:21,https://www.amd.com/en/products/specifications/embedded.html,AMD EPYC™ Embedded 9654P,EPYC Embedded,EPYC Embedded 9004 Series,SOC,100-000000917,Zen 4,SP5,1P,,Yes,2.4 GHz,3.7 GHz,96,192,,384 MB,360W,320-400W,,Yes,,,,,,,,,DDR5,12 Channel w/ECC,,4x USB 3.2 Gen2,,32,"GPIO , I2C , SMBus , SPI , UART , 13C",128L Gen5,,
2025-03-11 09:46:21,https://www.amd.com/en/products/specifications/embedded.html,AMD EPYC™ Embedded 9654,EPYC Embedded,EPYC Embedded 9004 Series,SOC,100-000000921,Zen 4,SP5,1P/2P,,Yes,2.4 GHz,3.7 GHz,96,192,,384 MB,360W,320-400W,,Yes,,,,,,,,,DDR5,12 Channel w/ECC,,4x USB 3.2 Gen2,,32,"GPIO , I2C , SMBus , SPI , UART , 13C",128L Gen5,,
2025-03-11 09:46:21,https://www.amd.com/en/products/specifications/embedded.html,AMD EPYC™ Embedded 9554P,EPYC Embedded,EPYC Embedded 9004 Series,SOC,100-000000918,Zen 4,SP5,1P,,Yes,3.1 GHz,3.75 GHz,64,128,,256 MB,360W,320-400W,,Yes,,,,,,,,,DDR5,12 Channel w/ECC,,4x USB 3.2 Gen2,,32,"GPIO , I2C , SMBus , SPI , UART , 13C",128L Gen5,,
2025-03-11 09:46:21,https://www.amd.com/en/products/specifications/embedded.html,AMD EPYC™ Embedded 9554,EPYC Embedded,EPYC Embedded 9004 Series,SOC,100-000000912,Zen 4,SP5,1P/2P,,Yes,3.1 GHz,3.75 GHz,64,128,,256 MB,360W,320-400W,,Yes,,,,,,,,,DDR5,12 Channel w/ECC,,4x USB 3.2 Gen2,,32,"GPIO , I2C , SMBus , SPI , UART , 13C",128L Gen5,,
2025-03-11 09:46:21,https://www.amd.com/en/products/specifications/embedded.html,AMD EPYC™ Embedded 9534,EPYC Embedded,EPYC Embedded 9004 Series,SOC,100-000001754,Zen 4,SP5,1P/2P,,Yes,2.45 GHz,3.7 MHz,64,128,,256 MB,280W,240-300W,,Yes,,,,,,,,,DDR5,12 Channel w/ECC,,4x USB 3.2 Gen2,,32,"GPIO , I2C , SMBus , SPI , UART , 13C",128L Gen5,,
2025-03-11 09:46:21,https://www.amd.com/en/products/specifications/embedded.html,AMD EPYC™ Embedded 9454P,EPYC Embedded,EPYC Embedded 9004 Series,SOC,100-000000919,Zen 4,SP5,1P,,Yes,2.75 GHz,3.8 GHz,48,96,,256 MB,290W,240-300W,,Yes,,,,,,,,,DDR5,12 Channel w/ECC,,4x USB 3.2 Gen2,,32,"GPIO , I2C , SMBus , SPI , UART , 13C",128L Gen5,,
2025-03-11 09:46:21,https://www.amd.com/en/products/specifications/embedded.html,AMD EPYC™ Embedded 9454,EPYC Embedded,EPYC Embedded 9004 Series,SOC,100-000000913,Zen 4,SP5,1P/2P,,Yes,2.75 GHz,3.8 GHz,48,96,,256 MB,290W,240-300W,,Yes,,,,,,,,,DDR5,12 Channel w/ECC,,4x USB 3.2 Gen2,,32,"GPIO , I2C , SMBus , SPI , UART , 13C",128L Gen5,,
2025-03-11 09:46:21,https://www.amd.com/en/products/specifications/embedded.html,AMD EPYC™ Embedded 9354P,EPYC Embedded,EPYC Embedded 9004 Series,SOC,100-000000920,Zen 4,SP5,1P,,Yes,3.25 GHz,3.8 GHz,32,64,,256 MB,280W,240-300W,,Yes,,,,,,,,,DDR5,12 Channel w/ECC,,4x USB 3.2 Gen2,,32,"GPIO , I2C , SMBus , SPI , UART , 13C",128L Gen5,,
2025-03-11 09:46:21,https://www.amd.com/en/products/specifications/embedded.html,AMD EPYC™ Embedded 9354,EPYC Embedded,EPYC Embedded 9004 Series,SOC,100-000000914,Zen 4,SP5,1P/2P,,Yes,3.25 GHz,3.8 GHz,32,64,,256 MB,280W,240-300W,,Yes,,,,,,,,,DDR5,12 Channel w/ECC,,4x USB 3.2 Gen2,,32,"GPIO , I2C , SMBus , SPI , UART , 13C",128L Gen5,,
2025-03-11 09:46:21,https://www.amd.com/en/products/specifications/embedded.html,AMD EPYC™ Embedded 9254,EPYC Embedded,EPYC Embedded 9004 Series,SOC,100-000000915,Zen 4,SP5,1P/2P,,Yes,2.9 GHz,4.15 GHz,24,48,,128 MB,200W,200-240W,,Yes,,,,,,,,,DDR5,12 Channel w/ECC,,4x USB 3.2 Gen2,,32,"GPIO , I2C , SMBus , SPI , UART , 13C",128L Gen5,,
2025-03-11 09:46:21,https://www.amd.com/en/products/specifications/embedded.html,AMD EPYC™ Embedded 9124,EPYC Embedded,EPYC Embedded 9004 Series,SOC,100-000000916,Zen 4,SP5,1P/2P,,Yes,3 GHz,3.7 GHz,16,32,,64 MB,200W,200-240W,,Yes,,,,,,,,,DDR5,12 Channel w/ECC,,4x USB 3.2 Gen2,,32,"GPIO , I2C , SMBus , SPI , UART , 13C",128L Gen5,,
2025-03-11 09:46:21,https://www.amd.com/en/products/specifications/embedded.html,AMD EPYC™ Embedded 8534P,EPYC Embedded,EPYC Embedded 8004 Series,SOC,100-000001415,Zen 4c,SP6,1P,,Yes,2.3 GHz,3.1 GHz,64,128,,128 MB,200W,155-225,,Yes,,,,,,,,,DDR5,6 Channel w/ECC,,4x USB 3.2 Gen2,,32,"GPIO , I2C , SMBus , SPI , UART , 13C",64L Gen5,,
2025-03-11 09:46:21,https://www.amd.com/en/products/specifications/embedded.html,AMD EPYC™ Embedded 8434P,EPYC Embedded,EPYC Embedded 8004 Series,SOC,100-000001416,Zen 4c,SP6,1P,,Yes,2.5 GHz,3.1 GHz,48,96,,128 MB,200W,155-225,,Yes,,,,,,,,,DDR5,6 Channel w/ECC,,4x USB 3.2 Gen2,,32,"GPIO , I2C , SMBus , SPI , UART , 13C",64L Gen5,,
2025-03-11 09:46:21,https://www.amd.com/en/products/specifications/embedded.html,AMD Ryzen™ Embedded 8845HS,Ryzen Embedded,Ryzen Embedded 8000 Series,,100-000001316E,Zen 4,FP7r2,,2034,Yes,3.8 GHz,5.1 GHz,8,16,8 MB,16 MB,35-54W,,0-100°C,Yes,AMD Radeon™ Graphics,,2700 MHz,12,4,3840x2160,"eDP, DP, USB4, HDMI, DVI",up to 4K @60Hz,DDR5-5600,Dual Channel w/ECC,,,,,"eSPI , GPIO , I2C , SMBus , SPI , UART",20L Gen4,,AMD PRO technologies
2025-03-11 09:46:21,https://www.amd.com/en/products/specifications/embedded.html,AMD EPYC™ Embedded 8324P,EPYC Embedded,EPYC Embedded 8004 Series,SOC,100-000001417,Zen 4c,SP6,1P,,Yes,2.65 GHz,3 GHz,32,64,,128 MB,180W,155-225,,Yes,,,,,,,,,DDR5,6 Channel w/ECC,,4x USB 3.2 Gen2,,32,"GPIO , I2C , SMBus , SPI , UART , 13C",64L Gen5,,
2025-03-11 09:46:21,https://www.amd.com/en/products/specifications/embedded.html,AMD Ryzen™ Embedded 8840U,Ryzen Embedded,Ryzen Embedded 8000 Series,,100-000001317E,Zen 4,FP7r2,,2034,Yes,3.3 GHz,5.1 GHz,8,16,8 MB,16 MB,15-30W,,0-100°C,Yes,AMD Radeon™ Graphics,,2700 MHz,12,4,3840x2160,"eDP, DP, USB4, HDMI, DVI",up to 4K @60Hz,DDR5-5600,Dual Channel w/ECC,,,,,"eSPI , GPIO , I2C , SMBus , SPI , UART",20L Gen4,,AMD PRO technologies
2025-03-11 09:46:21,https://www.amd.com/en/products/specifications/embedded.html,AMD EPYC™ Embedded 8224P,EPYC Embedded,EPYC Embedded 8004 Series,SOC,100-000001418,Zen 4c,SP6,1P,,Yes,2.55 GHz,3 GHz,24,48,,64 MB,180W,155-225,,Yes,,,,,,,,,DDR5,6 Channel w/ECC,,4x USB 3.2 Gen2,,32,"GPIO , I2C , SMBus , SPI , UART , 13C",64L Gen5,,
2025-03-11 09:46:21,https://www.amd.com/en/products/specifications/embedded.html,AMD Ryzen™ Embedded 8645HS,Ryzen Embedded,Ryzen Embedded 8000 Series,,100-000001315E,Zen 4,FP7r2,,2034,Yes,4.3 GHz,5 GHz,6,12,6 MB,16 MB,35-54W,,0-100°C,Yes,AMD Radeon™ Graphics,,2600 MHz,8,4,3840x2160,"eDP, DP, USB4, HDMI, DVI",up to 4K @60Hz,DDR5-5600,Dual Channel w/ECC,,,,,"eSPI , GPIO , I2C , SMBus , SPI , UART",20L Gen4,,AMD PRO technologies
2025-03-11 09:46:21,https://www.amd.com/en/products/specifications/embedded.html,AMD EPYC™ Embedded 8124P,EPYC Embedded,EPYC Embedded 8004 Series,SOC,100-000001419,Zen 4c,SP6,1P,,Yes,2.45 GHz,3 GHz,16,32,,64 MB,125W,120-150,,Yes,,,,,,,,,DDR5,6 Channel w/ECC,,4x USB 3.2 Gen2,,32,"GPIO , I2C , SMBus , SPI , UART , 13C",64L Gen5,,
2025-03-11 09:46:21,https://www.amd.com/en/products/specifications/embedded.html,AMD Ryzen™ Embedded 8640U,Ryzen Embedded,Ryzen Embedded 8000 Series,,100-000001318E,Zen 4,FP7r2,,2034,Yes,3.5 GHz,4.9 GHz,6,12,6 MB,16 MB,15-30W,,0-100°C,Yes,AMD Radeon™ Graphics,,2600 MHz,8,4,3840x2160,"eDP, DP, USB4, HDMI, DVI",up to 4K @60Hz,DDR5-5600,Dual Channel w/ECC,,,,,"eSPI , GPIO , I2C , SMBus , SPI , UART",20L Gen4,,AMD PRO technologies
2025-03-11 09:46:21,https://www.amd.com/en/products/specifications/embedded.html,AMD EPYC™ Embedded 8C24P,EPYC Embedded,EPYC Embedded 8004 Series,SOC,100-000001546,Zen 4c,SP6,1P,,Yes,2.45 GHz,3 GHz,12,24,,32 MB,100W,70-100,,Yes,,,,,,,,,DDR5,6 Channel w/ECC,,4x USB 3.2 Gen2,,32,"GPIO , I2C , SMBus , UART , SPI , 13C",64L Gen5,,
2025-03-11 09:46:21,https://www.amd.com/en/products/specifications/embedded.html,AMD Ryzen™ Embedded 7945,Ryzen Embedded,Ryzen Embedded R7000 Series,SOC,100-000000598E,Zen 4,AM5,,2030,Yes,3.7 GHz,5.4 GHz,12,24,12 MB,64 MB,65W,,0-95°C,Yes,AMD Radeon™ Graphics,,2200 MHz,2,4,,up to 4x HDMI 2.1 (HDMI 6G) or 4x DP 2.0,up to 4K @60Hz,DDR5,Dual Channel w/ECC,,4x USB 3.2 Gen2 (2x optional USB4) 1x USB 2.0 Secure BIO,,,"eSPI , GPIO , I2C , SMBus , SPI",28L PCIe® Gen 5,,AMD PRO technologies
2025-03-11 09:46:21,https://www.amd.com/en/products/specifications/embedded.html,AMD Ryzen™ Embedded 7745,Ryzen Embedded,Ryzen Embedded R7000 Series,SOC,100-000000599E,Zen 4,AM5,,2030,Yes,3.8 GHz,5.3 GHz,8,16,8 MB,32 MB,65W,,0-95°C,Yes,AMD Radeon™ Graphics,,2200 MHz,2,4,4096x2160,up to 4x HDMI 2.1 (HDMI 6G) or 4x DP 2.0,up to 4K @60Hz,DDR5,Dual Channel w/ECC,,4x USB 3.2 Gen2 (2x optional USB4) 1x USB 2.0 Secure BIO,,,"eSPI , GPIO , I2C , SMBus , SPI",28L PCIe® Gen 5,,AMD PRO technologies
2025-03-11 09:46:21,https://www.amd.com/en/products/specifications/embedded.html,AMD Ryzen™ Embedded 7700X,Ryzen Embedded,Ryzen Embedded R7000 Series,SOC,100-000000591E,Zen 4,AM5,,,Yes,4.5 GHz,5.4 GHz,8,16,8 MB,32 MB,105W,,0-95°C,Yes,AMD Radeon™ Graphics,,2200 MHz,2,4,,up to 4x HDMI 2.1 (HDMI 6G) or 4x DP 2.0,up to 4K @60Hz,DDR5,Dual Channel w/ECC,,4x USB 3.2 Gen2 (2x optional USB4) 1x USB 2.0 Secure BIO,,,"eSPI , GPIO , I2C , SMBus , SPI",28L PCIe® Gen 5,,
2025-03-11 09:46:21,https://www.amd.com/en/products/specifications/embedded.html,AMD Ryzen™ Embedded 7645,Ryzen Embedded,Ryzen Embedded R7000 Series,SOC,100-000000600E,Zen 4,AM5,,2030,Yes,3.8 GHz,5.1 GHz,6,12,6 MB,32 MB,65W,,0-95°C,Yes,AMD Radeon™ Graphics,,2200 MHz,2,4,4096x2160,up to 4x HDMI 2.1 (HDMI 6G) or 4x DP 2.0,up to 4K @60Hz,DDR5,Dual Channel w/ECC,,4x USB 3.2 Gen2 (2x optional USB4) 1x USB 2.0 Secure BIO,,,"eSPI , GPIO , I2C , SMBus , SPI",28L PCIe® Gen 5,,AMD PRO technologies
2025-03-11 09:46:21,https://www.amd.com/en/products/specifications/embedded.html,AMD Ryzen™ Embedded 7600X,Ryzen Embedded,Ryzen Embedded R7000 Series,SOC,100-000000593E,Zen 4,AM5,,,Yes,4.7 GHz,5.3 GHz,6,12,6 MB,32 MB,105W,,0-95°C,Yes,AMD Radeon™ Graphics,,2200 MHz,2,4,4096x2160,up to 4x HDMI 2.1 (HDMI 6G) or 4x DP 2.0,up to 4K @60Hz,DDR5,Dual Channel w/ECC,,4x USB 3.2 Gen2 (2x optional USB4) 1x USB 2.0 Secure BIO,,,"eSPI , GPIO , I2C , SMBus , SPI",28L PCIe® Gen 5,,
2025-03-11 09:46:21,https://www.amd.com/en/products/specifications/embedded.html,AMD EPYC™ Embedded 7713P,EPYC Embedded,EPYC Embedded 7003 Series,SOC,100-000000337E​,Zen 3,SP3,1P,,Yes,2 GHz,3.675 GHz,64,128,,256 MB,225W,225-240W,,Yes,,,,,,,,,DDR4-3200,8 Channel w/ECC,,4x USB 3.0 Gen1,,32,"GPIO , I2C , LPC , SMBus , SPI , UART",128L Gen5,,
2025-03-11 09:46:21,https://www.amd.com/en/products/specifications/embedded.html,AMD EPYC™ Embedded 7713,EPYC Embedded,EPYC Embedded 7003 Series,SOC,100-000000344E​,Zen 3,SP3,1P/2P,,Yes,2 GHz,3.675 GHz,64,128,,256 MB,225W,225-240W,,Yes,,,,,,,,,DDR4-3200,8 Channel w/ECC,,4x USB 3.0 Gen1,,32,"GPIO , I2C , LPC , SMBus , SPI , UART",128L Gen5,,
2025-03-11 09:46:21,https://www.amd.com/en/products/specifications/embedded.html,AMD EPYC™ Embedded 7643,EPYC Embedded,EPYC Embedded 7003 Series,SOC,100-000000326E​,Zen 3,SP3,1P/2P,,Yes,2.3 GHz,3.6 GHz,48,96,,256 MB,225W,225-240W,,Yes,,,,,,,,,DDR4-3200,8 Channel w/ECC,,4x USB 3.0 Gen1,,32,"GPIO , I2C , LPC , SMBus , SPI , UART",128L Gen5,,
2025-03-11 09:46:21,https://www.amd.com/en/products/specifications/embedded.html,AMD EPYC™ Embedded 7543P,EPYC Embedded,EPYC Embedded 7003 Series,SOC,100-000000341E​,Zen 3,SP3,1P,,Yes,2.8 GHz,3.7 GHz,32,64,,256 MB,225W,225-240W,,Yes,,,,,,,,,DDR4-3200,8 Channel w/ECC,,4x USB 3.0 Gen1,,32,"GPIO , I2C , LPC , SMBus , SPI , UART",128L Gen5,,
2025-03-11 09:46:21,https://www.amd.com/en/products/specifications/embedded.html,AMD EPYC™ Embedded 7543,EPYC Embedded,EPYC Embedded 7003 Series,SOC,100-000000345E​,Zen 3,SP3,1P/2P,,Yes,2.8 GHz,3.7 GHz,32,64,,256 MB,225W,225-240W,,Yes,,,,,,,,,DDR4-3200,8 Channel w/ECC,,4x USB 3.0 Gen1,,32,"GPIO , I2C , LPC , SMBus , SPI , UART",128L Gen5,,
2025-03-11 09:46:21,https://www.amd.com/en/products/specifications/embedded.html,AMD EPYC™ Embedded 7443P,EPYC Embedded,EPYC Embedded 7003 Series,SOC,100-000000342E​,Zen 3,SP3,1P,,Yes,2.85 GHz,4 GHz,24,48,,128 MB,200W,165-200W,,Yes,,,,,,,,,DDR4-3200,8 Channel w/ECC,,4x USB 3.0 Gen1,,32,"GPIO , I2C , LPC , SMBus , SPI , UART",128L Gen5,,
2025-03-11 09:46:21,https://www.amd.com/en/products/specifications/embedded.html,AMD EPYC™ Embedded 7443,EPYC Embedded,EPYC Embedded 7003 Series,SOC,100-000000340E​,Zen 3,SP3,1P/2P,,Yes,2.85 GHz,4 GHz,24,48,,128 MB,200W,165-200W,,Yes,,,,,,,,,DDR4-3200,8 Channel w/ECC,,4x USB 3.0 Gen1,,32,"GPIO , I2C , LPC , SMBus , SPI , UART",128L Gen5,,
2025-03-11 09:46:21,https://www.amd.com/en/products/specifications/embedded.html,AMD EPYC™ Embedded 7413,EPYC Embedded,EPYC Embedded 7003 Series,SOC,100-000000323E​,Zen 3,SP3,1P/2P,,Yes,2.65 GHz,3.6 GHz,24,48,,128 MB,180W,165-200W,,Yes,,,,,,,,,DDR4-3200,8 Channel w/ECC,,4x USB 3.0 Gen1,,32,"GPIO , I2C , LPC , SMBus , SPI , UART",128L Gen5,,
2025-03-11 09:46:21,https://www.amd.com/en/products/specifications/embedded.html,AMD EPYC™ Embedded 7313P,EPYC Embedded,EPYC Embedded 7003 Series,SOC,100-000000339E​,Zen 3,SP3,1P,,Yes,3 GHz,3.7 GHz,16,32,,128 MB,155W,155-180W,,Yes,,,,,,,,,DDR4-3200,8 Channel w/ECC,,4x USB 3.0 Gen1,,32,"GPIO , I2C , LPC , SMBus , SPI , UART",128L Gen5,,
2025-03-11 09:46:21,https://www.amd.com/en/products/specifications/embedded.html,AMD EPYC™ Embedded 7313,EPYC Embedded,EPYC Embedded 7003 Series,SOC,100-000000329E​,Zen 3,SP3,1P/2P,,Yes,3 GHz,3.7 GHz,16,32,,128 MB,155W,155-180W,,Yes,,,,,,,,,DDR4-3200,8 Channel w/ECC,,4x USB 3.0 Gen1,,32,"GPIO , I2C , LPC , SMBus , SPI , UART",128L Gen5,,
2025-03-11 09:46:21,https://www.amd.com/en/products/specifications/embedded.html,AMD Ryzen™ Embedded 5950E Processor,Ryzen Embedded,Ryzen Embedded R5000 Series,SOC,100-000000730,Zen 3,AM4,,2030,Yes,3.05 GHz,3.4 GHz,16,32,8 MB,64 MB,105W,,0-105°C,Yes,,,,,,,,,DDR4-3200,Dual Channel w/ECC,,"4x USB 3.2 Gen2, 4x USB 2.0",4,2,"eSPI , GPIO , I2C , LPC , SMBus , SPI",24L Gen4,24,
2025-03-11 09:46:21,https://www.amd.com/en/products/specifications/embedded.html,AMD Ryzen™ Embedded 5900E Processor,Ryzen Embedded,Ryzen Embedded R5000 Series,SOC,100-000000731,Zen 3,AM4,,2030,Yes,3.35 GHz,3.7 GHz,12,24,6 MB,64 MB,105W,,0-105°C,Yes,,,,,,,,,DDR4-3200,Dual Channel w/ECC,,"4x USB 3.2 Gen2, 4x USB 2.0",4,2,"eSPI , GPIO , I2C , LPC , SMBus , SPI",24L Gen4,24,
2025-03-11 09:46:21,https://www.amd.com/en/products/specifications/embedded.html,AMD Ryzen™ Embedded 5800E Processor,Ryzen Embedded,Ryzen Embedded R5000 Series,SOC,100-000000732,Zen 3,AM4,,2030,Yes,3.4 GHz,3.7 GHz,8,16,4 MB,32 MB,65-100W,,0-105°C,Yes,,,,,,,,,DDR4-3200,Dual Channel w/ECC,,"4x USB 3.2 Gen2, 4x USB 2.0",4,2,"eSPI , GPIO , I2C , LPC , SMBus , SPI",24L Gen4,24,
2025-03-11 09:46:21,https://www.amd.com/en/products/specifications/embedded.html,AMD Ryzen™ Embedded 5600E Processor,Ryzen Embedded,Ryzen Embedded R5000 Series,SOC,100-000000733,Zen 3,AM4,,2030,Yes,3.3 GHz,3.6 GHz,6,12,3 MB,32 MB,65W,,0-105°C,Yes,,,,,,,,,DDR4-3200,Dual Channel w/ECC,,"4x USB 3.2 Gen2, 4x USB 2.0",4,2,"eSPI , GPIO , I2C , LPC , SMBus , SPI",24L Gen4,24,
2025-03-11 09:46:21,https://www.amd.com/en/products/specifications/embedded.html,AMD Ryzen™ Embedded V3C48,Ryzen Embedded,Ryzen Embedded V3000 Series,SOC,100-000000817,Zen 3,FP7r2,,2032,Yes,3.3 GHz,3.8 GHz,8,16,4 MB,16 MB,45W,,0-105°C,Yes,,,,,,,,,DDR5,Dual Channel w/ECC,2x 10GbE,"2x USB 4.0, 2x USB 3.2 Gen2, 4x USB 2.0",,2,"GPIO , I2C , SMBus , SPI , UART",20L Gen4,,
2025-03-11 09:46:21,https://www.amd.com/en/products/specifications/embedded.html,AMD Ryzen™ Embedded V3C44,Ryzen Embedded,Ryzen Embedded V3000 Series,SOC,100-000000744,Zen 3,FP7r2,,2032,Yes,3.5 GHz,3.8 GHz,4,8,2 MB,8 MB,45W,,0-105°C,Yes,,,,,,,,,DDR5,Dual Channel w/ECC,2x 10GbE,"2x USB 4.0, 2x USB 3.2 Gen2, 4x USB 2.0",,2,"GPIO , I2C , SMBus , SPI , UART",20L Gen4,,
2025-03-11 09:46:21,https://www.amd.com/en/products/specifications/embedded.html,AMD Ryzen™ Embedded V3C18I,Ryzen Embedded,Ryzen Embedded V3000 Series,SOC,100-000000559,Zen 3,FP7r2,,2032,Yes,1.9 GHz,3.8 GHz,8,16,4 MB,16 MB,15W,,-40C-105°C,Yes,,,,,,,,,DDR5,Dual Channel w/ECC,2x 10GbE,"2x USB 4.0, 2x USB 3.2 Gen2, 4x USB 2.0",,2,"GPIO , I2C , SMBus , SPI , UART",20L Gen4,,
2025-03-11 09:46:21,https://www.amd.com/en/products/specifications/embedded.html,AMD Ryzen™ Embedded V3C16,Ryzen Embedded,Ryzen Embedded V3000 Series,SOC,100-000000555,Zen 3,FP7r2,,2032,Yes,2 GHz,3.8 GHz,6,12,3 MB,16 MB,15W,,0-105°C,Yes,,,,,,,,,DDR5,Dual Channel w/ECC,2x 10GbE,"2x USB 4.0, 2x USB 3.2 Gen2, 4x USB 2.0",,2,"GPIO , I2C , SMBus , SPI , UART",20L Gen4,,
2025-03-11 09:46:21,https://www.amd.com/en/products/specifications/embedded.html,AMD Ryzen™ Embedded V3C14,Ryzen Embedded,Ryzen Embedded V3000 Series,SOC,100-000000557,Zen 3,FP7r2,,2032,Yes,2.3 GHz,3.8 GHz,4,8,2 MB,8 MB,15W,,0-105°C,Yes,,,,,,,,,DDR5,Dual Channel w/ECC,2x 10GbE,"2x USB 4.0, 2x USB 3.2 Gen2, 4x USB 2.0",,2,"GPIO , I2C , SMBus , SPI , UART",20L Gen4,,
2025-03-11 09:46:21,https://www.amd.com/en/products/specifications/embedded.html,AMD EPYC™ Embedded 7742,EPYC Embedded,EPYC Embedded 7002 Series,SOC,100-000000053E,Zen 2,SP3,,2025,Yes,2.25 GHz,3.4 GHz,64,128,32 MB,256 MB,225W,,,Yes,,,,,,,,,DDR4-3200,8 Channel w/ECC,,4x USB 3.1 Gen1,,32,"GPIO , I2C , LPC , SMBus , SPI , UART",128L Gen4,,
2025-03-11 09:46:21,https://www.amd.com/en/products/specifications/embedded.html,AMD EPYC™ Embedded 7662,EPYC Embedded,EPYC Embedded 7002 Series,SOC,100-000000137E,Zen 2,SP3,,2025,Yes,2 GHz,3.3 GHz,64,128,32 MB,256 MB,225W,,,Yes,,,,,,,,,DDR4-3200,8 Channel w/ECC,,4x USB 3.1 Gen1,,32,"GPIO , I2C , LPC , SMBus , SPI , UART",128L Gen4,,
2025-03-11 09:46:21,https://www.amd.com/en/products/specifications/embedded.html,AMD EPYC™ Embedded 7642,EPYC Embedded,EPYC Embedded 7002 Series,SOC,100-000000074E,Zen 2,SP3,,2025,Yes,2.3 GHz,3.3 GHz,48,96,24 MB,256 MB,225W,,,Yes,,,,,,,,,DDR4-3200,8 Channel w/ECC,,4x USB 3.1 Gen1,,32,"GPIO , I2C , LPC , SMBus , SPI , UART",128L Gen4,,
2025-03-11 09:46:21,https://www.amd.com/en/products/specifications/embedded.html,AMD EPYC™ Embedded 7552,EPYC Embedded,EPYC Embedded 7002 Series,SOC,100-000000076E,Zen 2,SP3,,2025,Yes,2.2 GHz,3.3 GHz,48,96,24 MB,192 MB,200W,,,Yes,,,,,,,,,DDR4-3200,8 Channel w/ECC,,4x USB 3.1 Gen1,,32,"GPIO , I2C , LPC , SMBus , SPI , UART",128L Gen4,,
2025-03-11 09:46:21,https://www.amd.com/en/products/specifications/embedded.html,AMD EPYC™ Embedded 7542,EPYC Embedded,EPYC Embedded 7002 Series,SOC,100-000000075E,Zen 2,SP3,,2025,Yes,2.9 GHz,3.4 GHz,32,64,16 MB,128 MB,225W,,,Yes,,,,,,,,,DDR4-3200,8 Channel w/ECC,,4x USB 3.1 Gen1,,32,"GPIO , I2C , LPC , SMBus , SPI , UART",128L Gen4,,
2025-03-11 09:46:21,https://www.amd.com/en/products/specifications/embedded.html,AMD EPYC™ Embedded 7502P,EPYC Embedded,EPYC Embedded 7002 Series,SOC,100-000000045E,Zen 2,SP3,,2025,Yes,2.5 GHz,3.35 GHz,32,64,16 MB,128 MB,180W,,,Yes,,,,,,,,,DDR4-3200,8 Channel w/ECC,,4x USB 3.1 Gen1,,32,"GPIO , I2C , LPC , SMBus , SPI , UART",128L Gen4,,
2025-03-11 09:46:21,https://www.amd.com/en/products/specifications/embedded.html,AMD EPYC™ Embedded 7502,EPYC Embedded,EPYC Embedded 7002 Series,SOC,100-000000054E,Zen 2,SP3,,2025,Yes,2.5 GHz,3.35 GHz,32,64,16 MB,128 MB,180W,,,Yes,,,,,,,,,DDR4-3200,8 Channel w/ECC,,4x USB 3.1 Gen1,,32,"GPIO , I2C , LPC , SMBus , SPI , UART",128L Gen4,,
2025-03-11 09:46:21,https://www.amd.com/en/products/specifications/embedded.html,AMD EPYC™ Embedded 7452,EPYC Embedded,EPYC Embedded 7002 Series,SOC,100-000000057E,Zen 2,SP3,,2025,Yes,2.35 GHz,3.35 GHz,32,64,16 MB,128 MB,155W,,,Yes,,,,,,,,,DDR4-3200,8 Channel w/ECC,,4x USB 3.1 Gen1,,32,"GPIO , I2C , LPC , SMBus , SPI , UART",128L Gen4,,
2025-03-11 09:46:21,https://www.amd.com/en/products/specifications/embedded.html,AMD EPYC™ Embedded 7402P,EPYC Embedded,EPYC Embedded 7002 Series,SOC,100-000000048E,Zen 2,SP3,,2025,No,2.8 GHz,3.35 GHz,24,48,12 MB,128 MB,180W,,,Yes,,,,,,,,,DDR4-3200,8 Channel w/ECC,,4x USB 3.1 Gen1,,32,"GPIO , I2C , LPC , SMBus , SPI , UART",128L Gen4,,
2025-03-11 09:46:21,https://www.amd.com/en/products/specifications/embedded.html,AMD EPYC™ Embedded 7402,EPYC Embedded,EPYC Embedded 7002 Series,SOC,100-000000046E,Zen 2,SP3,,2025,Yes,2.8 GHz,3.35 GHz,24,48,12 MB,128 MB,180W,,,Yes,,,,,,,,,DDR4-3200,8 Channel w/ECC,,4x USB 3.1 Gen1,,32,"GPIO , I2C , LPC , SMBus , SPI , UART",128L Gen4,,
2025-03-11 09:46:21,https://www.amd.com/en/products/specifications/embedded.html,AMD EPYC™ Embedded 7352,EPYC Embedded,EPYC Embedded 7002 Series,SOC,100-000000077E,Zen 2,SP3,,2025,Yes,2.3 GHz,3.2 GHz,24,48,12 MB,128 MB,155W,,,Yes,,,,,,,,,DDR4-3200,8 Channel w/ECC,,4x USB 3.1 Gen1,,32,"GPIO , I2C , LPC , SMBus , SPI , UART",128L Gen4,,
2025-03-11 09:46:21,https://www.amd.com/en/products/specifications/embedded.html,AMD EPYC™ Embedded 7302P,EPYC Embedded,EPYC Embedded 7002 Series,SOC,100-000000049E,Zen 2,SP3,,2025,No,3 GHz,3.3 GHz,16,32,8 MB,128 MB,155W,,,Yes,,,,,,,,,DDR4-3200,8 Channel w/ECC,,4x USB 3.1 Gen1,,32,"GPIO , I2C , LPC , SMBus , SPI , UART",128L Gen4,,
2025-03-11 09:46:21,https://www.amd.com/en/products/specifications/embedded.html,AMD EPYC™ Embedded 7302,EPYC Embedded,EPYC Embedded 7002 Series,SOC,100-000000043E,Zen 2,SP3,,2025,No,3 GHz,3.3 GHz,16,32,8 MB,128 MB,155W,,,Yes,,,,,,,,,DDR4-3200,8 Channel w/ECC,,4x USB 3.1 Gen1,,32,"GPIO , I2C , LPC , SMBus , SPI , UART",128L Gen4,,
2025-03-11 09:46:21,https://www.amd.com/en/products/specifications/embedded.html,AMD EPYC™ Embedded 7282,EPYC Embedded,EPYC Embedded 7002 Series,SOC,100-000000078E,Zen 2,SP3,,2025,No,2.8 GHz,3.2 GHz,16,32,8 MB,64 MB,120W,,,Yes,,,,,,,,,DDR4-3200,8 Channel w/ECC,,4x USB 3.1 Gen1,,32,"GPIO , I2C , LPC , SMBus , SPI , UART",128L Gen4,,
2025-03-11 09:46:21,https://www.amd.com/en/products/specifications/embedded.html,AMD EPYC™ Embedded 7272,EPYC Embedded,EPYC Embedded 7002 Series,SOC,100-000000079E,Zen 2,SP3,,2025,No,2.9 GHz,3.2 GHz,12,24,6 MB,64 MB,120W,,,Yes,,,,,,,,,DDR4-3200,8 Channel w/ECC,,4x USB 3.1 Gen1,,32,"GPIO , I2C , LPC , SMBus , SPI , UART",128L Gen4,,
2025-03-11 09:46:21,https://www.amd.com/en/products/specifications/embedded.html,AMD EPYC™ Embedded 7262,EPYC Embedded,EPYC Embedded 7002 Series,SOC,100-000000041E,Zen 2,SP3,,2025,No,3.2 GHz,3.4 GHz,8,16,4 MB,128 MB,155W,,,Yes,,,,,,,,,DDR4-3200,8 Channel w/ECC,,4x USB 3.1 Gen1,,32,"GPIO , I2C , LPC , SMBus , SPI , UART",128L Gen4,,
2025-03-11 09:46:21,https://www.amd.com/en/products/specifications/embedded.html,AMD EPYC™ Embedded 7252,EPYC Embedded,EPYC Embedded 7002 Series,SOC,100-000000080E,Zen 2,SP3,,2025,No,3.1 GHz,3.2 GHz,8,16,4 MB,64 MB,120W,,,Yes,,,,,,,,,DDR4-3200,8 Channel w/ECC,,4x USB 3.1 Gen1,,32,"GPIO , I2C , LPC , SMBus , SPI , UART",128L Gen4,,
2025-03-11 09:46:21,https://www.amd.com/en/products/specifications/embedded.html,AMD EPYC™ Embedded 7232P,EPYC Embedded,EPYC Embedded 7002 Series,SOC,100-000000081E,Zen 2,SP3,,2025,No,3.1 GHz,3.2 GHz,8,16,4 MB,32 MB,120W,,,Yes,,,,,,,,,DDR4-3200,8 Channel w/ECC,,4x USB 3.1 Gen1,,32,"GPIO , I2C , LPC , SMBus , SPI , UART",128L Gen4,,
2025-03-11 09:46:21,https://www.amd.com/en/products/specifications/embedded.html,AMD Ryzen™ Embedded V2A46 with Radeon™ Graphics,Ryzen Embedded,Ryzen Embedded V2000 Series,SOC,100-000001007,Zen 2,FP6 (BGA),,2033,Yes,3 GHz,3.2 GHz,6,12,3 MB,8 MB,35-54W,,-40-105°C,Yes,AMD Radeon™ Graphics,,1500 MHz,7,4,4096x2160@60 Hz,up to 4x HDMI 2.0b or 4x DP 1.4,up to 4K @60Hz,LPDDR4 - Up to 4266,Quad Channel,2x 1GbE,,,,"GPIO , I2C , LPC , SMBus , SPI , UART , SOUNDWIRE",20L Gen3,,"OpenCL® , OpenGL , The Vulkan® API"
2025-03-11 09:46:21,https://www.amd.com/en/products/specifications/embedded.html,AMD Ryzen™ Embedded V2748 with Radeon™ Graphics,Ryzen Embedded,Ryzen Embedded V2000 Series,SOC,100-000000245,Zen 2,FP6 (BGA),,2030,Yes,2.9 GHz,4.25 GHz,8,16,4 MB,8 MB,35-54W,,0-105°C,Yes,AMD Radeon™ Graphics,,1600 MHz,7,4,4096x2160,up to 4x HDMI 2.1 (HDMI 6G) or 4x DP 1.4,up to 4K @60Hz,DDR4 - Up to 3200,Dual Channel w/ECC,,"4x USB 2.0, 4x USB 3.1 Gen2",,2,"GPIO , I2C , LPC , SMBus , SPI , UART , SOUNDWIRE",20L Gen3,,"DirectX® 12 Technology , OpenCL® , OpenGL , The Vulkan® API"
2025-03-11 09:46:21,https://www.amd.com/en/products/specifications/embedded.html,AMD Ryzen™ Embedded V2718 with Radeon™ Graphics,Ryzen Embedded,Ryzen Embedded V2000 Series,SOC,100-000000242,Zen 2,FP6 (BGA),,2030,Yes,1.7 GHz,4.15 GHz,8,16,4 MB,8 MB,10-25W,,0-105°C,Yes,AMD Radeon™ Graphics,,1600 MHz,7,4,4096x2160,up to 4x HDMI 2.1 (HDMI 6G) or 4x DP 1.4,up to 4K @60Hz,DDR4 - Up to 3200,Dual Channel w/ECC,,"4x USB 2.0, 4x USB 3.1 Gen2",,2,"GPIO , I2C , LPC , SMBus , SPI , UART , SOUNDWIRE",20L Gen3,,"DirectX® 12 Technology , OpenCL® , OpenGL , The Vulkan® API"
2025-03-11 09:46:21,https://www.amd.com/en/products/specifications/embedded.html,AMD Ryzen™ Embedded V2546 with Radeon™ Graphics,Ryzen Embedded,Ryzen Embedded V2000 Series,SOC,100-000000246,Zen 2,FP6 (BGA),,2030,Yes,3 GHz,3.95 GHz,6,12,3 MB,8 MB,35-54W,,0-105°C,Yes,AMD Radeon™ Graphics,,1500 MHz,6,4,4096x2160,up to 4x HDMI 2.1 (HDMI 6G) or 4x DP 1.4,up to 4K @60Hz,DDR4 - Up to 3200,Dual Channel w/ECC,,"4x USB 2.0, 4x USB 3.1 Gen2",,2,"GPIO , I2C , LPC , SMBus , SPI , UART , SOUNDWIRE",20L Gen3,,"DirectX® 12 Technology , OpenCL® , OpenGL , The Vulkan® API"
2025-03-11 09:46:21,https://www.amd.com/en/products/specifications/embedded.html,AMD Ryzen™ Embedded V2516 with Radeon™ Graphics,Ryzen Embedded,Ryzen Embedded V2000 Series,SOC,100-000000243,Zen 2,FP6 (BGA),,2030,Yes,2.1 GHz,3.95 GHz,6,12,3 MB,8 MB,10-25W,,0-105°C,Yes,AMD Radeon™ Graphics,,1500 MHz,6,4,4096x2160,up to 4x HDMI 2.1 (HDMI 6G) or 4x DP 1.4,up to 4K @60Hz,DDR4 - Up to 3200,Dual Channel w/ECC,,"4x USB 2.0, 4x USB 3.1 Gen2",,2,"GPIO , I2C , LPC , SMBus , SPI , UART , SOUNDWIRE",20L Gen3,,"DirectX® 12 Technology , OpenCL® , OpenGL , The Vulkan® API"
2025-03-11 09:46:21,https://www.amd.com/en/products/specifications/embedded.html,AMD Ryzen™  Embedded R2314 with Radeon™ Graphics,Ryzen Embedded,Ryzen Embedded R2000 Series,SOC,YE2314C4T4MFH,Zen+,FP5,,2032,Yes,2.1 GHz,3.5 GHz,4,4,2 MB,4 MB,12-35W,,0-105°C,Yes,AMD Radeon™ Graphics,,1200 MHz,6,4,,up to 4x HDMI 2.0b or 4x DP 1.4,up to 4K @60Hz,DDR4-2667,,,,,2,"AZ , EMMC , eSPI , GPIO , I2C , I2S , LPC , SD , SMBus , SPI , UART , SOUNDWIRE",,,"DirectX® 12 Technology , AMD Open Compute , OpenGL , The Vulkan® API"
2025-03-11 09:46:21,https://www.amd.com/en/products/specifications/embedded.html,AMD Ryzen™  Embedded R2312 with Radeon™ Graphics,Ryzen Embedded,Ryzen Embedded R2000 Series,SOC,YE2312C4T2OFH,Zen+,FP5,,2032,Yes,2.7 GHz,3.5 GHz,2,4,1 MB,4 MB,12-25W,,0-105°C,Yes,AMD Radeon™ Graphics,,1200 MHz,3,3,,up to 3x HDMI 2.0b or 3x DP 1.4,up to 4K @60Hz,DDR4-2400,Dual Channel w/ECC,,,,2,"AZ , EMMC , eSPI , GPIO , I2C , I2S , LPC , SD , SMBus , SPI , UART",8L Gen3,,"DirectX® 12 Technology , OpenCL® , OpenGL , The Vulkan® API"
2025-03-11 09:46:21,https://www.amd.com/en/products/specifications/embedded.html,AMD EPYC™ Embedded 7601,EPYC Embedded,EPYC Embedded 7001 Series,SOC,PS7601BDVIHAFS,Zen,SP3,,2023,Yes,2.2 GHz,3.2 GHz,32,64,16 MB,64 MB,180W,,,Yes,,,,,,,,,DDR4-2667,8 Channel w/ECC,,4x USB 3.1 Gen1,,32,"GPIO , I2C , LPC , SMBus , SPI , UART",128L Gen3,,
2025-03-11 09:46:21,https://www.amd.com/en/products/specifications/embedded.html,AMD EPYC™ Embedded 755P,EPYC Embedded,EPYC Embedded 7001 Series,SOC,PS755PBDVIHAFS,Zen,SP3,,2023,Yes,2 GHz,3 GHz,32,64,16 MB,64 MB,180W,,,Yes,,,,,,,,,DDR4-2667,8 Channel w/ECC,,4x USB 3.1 Gen1,,32,"GPIO , I2C , LPC , SMBus , SPI , UART",128L Gen3,,
2025-03-11 09:46:21,https://www.amd.com/en/products/specifications/embedded.html,AMD EPYC™ Embedded 7551,EPYC Embedded,EPYC Embedded 7001 Series,SOC,PS7551BDVIHAFS,Zen,SP3,,2023,Yes,2 GHz,3 GHz,32,64,16 MB,64 MB,180W,,,Yes,,,,,,,,,DDR4-2667,8 Channel w/ECC,4x USB 3.1 Gen1,,,32,"GPIO , I2C , LPC , SMBus , SPI , UART",128L Gen3,,
2025-03-11 09:46:21,https://www.amd.com/en/products/specifications/embedded.html,AMD EPYC™ Embedded 7501,EPYC Embedded,EPYC Embedded 7001 Series,SOC,PS7501BEVIHAFS,Zen,SP3,,2023,Yes,2 GHz,3 GHz,32,64,16 MB,64 MB,155W,,,Yes,,,,,,,,,DDR4-2667,8 Channel w/ECC,,4x USB 3.1 Gen1,,32,"GPIO , I2C , LPC , SMBus , SPI , UART",128L Gen3,,
2025-03-11 09:46:21,https://www.amd.com/en/products/specifications/embedded.html,AMD EPYC™ Embedded 7451,EPYC Embedded,EPYC Embedded 7001 Series,SOC,PS7451BDVHCAFS,Zen,SP3,,2023,Yes,2.3 GHz,3.2 GHz,24,48,12 MB,64 MB,180W,,,Yes,,,,,,,,,DDR4-2667,8 Channel w/ECC,,4x USB 3.1 Gen1,,32,"GPIO , I2C , LPC , SMBus , SPI , UART",128L Gen3,,
2025-03-11 09:46:21,https://www.amd.com/en/products/specifications/embedded.html,AMD EPYC™ Embedded 740P,EPYC Embedded,EPYC Embedded 7001 Series,SOC,PS740PBEVHCAFS,Zen,SP3,,2023,Yes,2 GHz,3 GHz,24,48,12 MB,64 MB,155W,,,Yes,,,,,,,,,DDR4-2667,8 Channel w/ECC,,4x USB 3.1 Gen1,,32,"GPIO , I2C , LPC , SMBus , SPI , UART",128L Gen3,,
2025-03-11 09:46:21,https://www.amd.com/en/products/specifications/embedded.html,AMD EPYC™ Embedded 7401,EPYC Embedded,EPYC Embedded 7001 Series,SOC,PS7401BEVHCAFS,Zen,SP3,,2023,Yes,2 GHz,3 GHz,24,48,12 MB,64 MB,155W,,,Yes,,,,,,,,,DDR4-2667,8 Channel w/ECC,,4x USB 3.1 Gen1,,32,"GPIO , I2C , LPC , SMBus , SPI , UART",128L Gen3,,
2025-03-11 09:46:21,https://www.amd.com/en/products/specifications/embedded.html,AMD EPYC™ Embedded 7371,EPYC Embedded,EPYC Embedded 7001 Series,SOC,PS7371BDVGPAFS,Zen,SP3,,2023,Yes,3.1 GHz,3.8 GHz,16,32,8 MB,64 MB,200W,,,Yes,,,,,,,,,DDR4-2667,8 Channel w/ECC,,4x USB 3.1 Gen1,,32,"GPIO , I2C , LPC , SMBus , SPI , UART",128L Gen3,,
2025-03-11 09:46:21,https://www.amd.com/en/products/specifications/embedded.html,AMD EPYC™ Embedded 735P,EPYC Embedded,EPYC Embedded 7001 Series,SOC,PS735PBEVGPAFS,Zen,SP3,,2023,Yes,2.4 GHz,2.9 GHz,16,32,8 MB,64 MB,155W,,,Yes,,,,,,,,,DDR4-2667,8 Channel w/ECC,,4x USB 3.1 Gen1,,32,"GPIO , I2C , LPC , SMBus , SPI , UART",128L Gen3,,
2025-03-11 09:46:21,https://www.amd.com/en/products/specifications/embedded.html,AMD EPYC™ Embedded 7351,EPYC Embedded,EPYC Embedded 7001 Series,SOC,PS7351BEVGPAFS,Zen,SP3,,2023,Yes,2.4 GHz,2.9 GHz,16,32,8 MB,64 MB,155W,,,Yes,,,,,,,,,DDR4-2667,8 Channel w/ECC,,4x USB 3.1 Gen1,,32,"GPIO , I2C , LPC , SMBus , SPI , UART",128L Gen3,,
2025-03-11 09:46:21,https://www.amd.com/en/products/specifications/embedded.html,AMD EPYC™ Embedded 7301,EPYC Embedded,EPYC Embedded 7001 Series,SOC,PS7301BEVGPAFS,Zen,SP3,,2023,Yes,2.2 GHz,2.9 GHz,16,32,8 MB,64 MB,155W,,,Yes,,,,,,,,,DDR4-2667,8 Channel w/ECC,,4x USB 3.1 Gen1,,32,"GPIO , I2C , LPC , SMBus , SPI , UART",128L Gen3,,
2025-03-11 09:46:21,https://www.amd.com/en/products/specifications/embedded.html,AMD EPYC™ Embedded 7281,EPYC Embedded,EPYC Embedded 7001 Series,SOC,PS7281BEVGAAFS,Zen,SP3,,2023,Yes,2.1 GHz,2.7 GHz,16,32,8 MB,32 MB,155W,,,Yes,,,,,,,,,DDR4-2667,8 Channel w/ECC,,4x USB 3.1 Gen1,,32,"GPIO , I2C , LPC , SMBus , SPI , UART",128L Gen3,,
2025-03-11 09:46:21,https://www.amd.com/en/products/specifications/embedded.html,AMD EPYC™ Embedded 7261,EPYC Embedded,EPYC Embedded 7001 Series,SOC,PS7261BEV8RAFS,Zen,SP3,,2023,Yes,2.5 GHz,2.9 GHz,8,16,4 MB,64 MB,155W,,,Yes,,,,,,,,,DDR4-2667,8 Channel w/ECC,,4x USB 3.1 Gen1,,32,"GPIO , I2C , LPC , SMBus , SPI , UART",128L Gen3,,
2025-03-11 09:46:21,https://www.amd.com/en/products/specifications/embedded.html,AMD EPYC™ Embedded 7251,EPYC Embedded,EPYC Embedded 7001 Series,SOC,PS7251BFV8SAFS,Zen,SP3,,2023,Yes,2.1 GHz,2.9 GHz,8,16,4 MB,32 MB,120W,,,Yes,,,,,,,,,DDR4-2667,8 Channel w/ECC,,4x USB 3.1 Gen1,,32,"GPIO , I2C , LPC , SMBus , SPI , UART",128L Gen3,,
2025-03-11 09:46:21,https://www.amd.com/en/products/specifications/embedded.html,AMD EPYC™ Embedded 3451,EPYC Embedded,EPYC Embedded 3000 Series,SOC,PE3451BMQGAAF,Zen,SP4,,2028,Yes,2.14 GHz,3 GHz,16,32,8 MB,32 MB,80-100W,,0-105°°C,Yes,,,,,,,,,DDR4-2667,Dual Channel w/ECC,8x 10GbE,4x USB 3.1 Gen1,,16,"EMMC , eSPI , GPIO , I2C , LPC , SMBus , SPI , UART",64L Gen3,,
2025-03-11 09:46:21,https://www.amd.com/en/products/specifications/embedded.html,AMD EPYC™ Embedded 3351,EPYC Embedded,EPYC Embedded 3000 Series,SOC,PE3351BNQCAAF,Zen,SP4,,2028,Yes,1.9 GHz,3 GHz,12,24,6 MB,32 MB,60-80W,,0-105°C,Yes,,,,,,,,,DDR4-2667,Dual Channel w/ECC,8x 10GbE,4x USB 3.1 Gen1,,16,"EMMC , eSPI , GPIO , I2C , LPC , SMBus , SPI , UART",64L Gen3,,
2025-03-11 09:46:21,https://www.amd.com/en/products/specifications/embedded.html,AMD EPYC™ Embedded 3255,EPYC Embedded,EPYC Embedded 3000 Series,SOC,PE3255BGR88AF,Zen,SP4r2,,2028,Yes,2.5 GHz,3.1 GHz,8,16,4 MB,16 MB,25-55W,,-40-105°C,Yes,,,,,,,,,DDR4-2667,Dual Channel w/ECC,4x 10GbE,4x USB 3.1 Gen1,,8,"EMMC , eSPI , GPIO , I2C , LPC , SMBus , SPI , UART",32L Gen3,,
2025-03-11 09:46:21,https://www.amd.com/en/products/specifications/embedded.html,AMD EPYC™ Embedded 3251,EPYC Embedded,EPYC Embedded 3000 Series,SOC,PE3251BGR88AF,Zen,SP4r2,,2028,Yes,2.5 GHz,3.1 GHz,8,16,4 MB,16 MB,55W,,0-105°C,Yes,,,,,,,,,DDR4-2667,Dual Channel w/ECC,4x 10GbE,4x USB 3.1 Gen1,,8,"EMMC , eSPI , GPIO , I2C , LPC , SMBus , SPI , UART",32L Gen3,,
2025-03-11 09:46:21,https://www.amd.com/en/products/specifications/embedded.html,AMD EPYC™ Embedded 3201,EPYC Embedded,EPYC Embedded 3000 Series,SOC,PE3201BFR88AF,Zen,SP4r2,,2028,Yes,1.5 GHz,3.1 GHz,8,8,4 MB,16 MB,30W,,0-95°C,Yes,,,,,,,,,DDR4-2133,Dual Channel w/ECC,4x 10GbE,4x USB 3.1 Gen1,,8,"EMMC , eSPI , GPIO , I2C , LPC , SMBus , SPI , UART",32L Gen3,,
2025-03-11 09:46:21,https://www.amd.com/en/products/specifications/embedded.html,AMD EPYC™ Embedded 3151,EPYC Embedded,EPYC Embedded 3000 Series,SOC,PE3151BKR48AF,Zen,SP4r2,,2028,Yes,2.7 GHz,2.9 GHz,4,8,2 MB,16 MB,45W,,0-95°C,Yes,,,,,,,,,DDR4-2667,Dual Channel w/ECC,4x 10GbE,4x USB 3.1 Gen1,,8,"EMMC , eSPI , GPIO , I2C , LPC , SMBus , SPI , UART",32L Gen3,,
2025-03-11 09:46:21,https://www.amd.com/en/products/specifications/embedded.html,AMD EPYC™ Embedded 3101,EPYC Embedded,EPYC Embedded 3000 Series,SOC,PE3101BIR4KAF,Zen,SP4r2,,2028,Yes,2.1 GHz,2.9 GHz,4,4,2 MB,8 MB,35W,,0-95°C,Yes,,,,,,,,,DDR4-2667,Dual Channel w/ECC,4x 10GbE,4x USB 3.1 Gen1,,8,"EMMC , eSPI , GPIO , I2C , LPC , SMBus , SPI , UART",32L Gen3,,
2025-03-11 09:46:21,https://www.amd.com/en/products/specifications/embedded.html,AMD Ryzen™ Embedded V1807B with Radeon™ Vega 11 Graphics,Ryzen Embedded,Ryzen Embedded V1000 Series,SOC,YE1807C3T4MFB,Zen,FP5,,2028,No,3.35 GHz,3.8 GHz,4,8,2 MB,4 MB,35-54W,,0-105°C,Yes,AMD Radeon™ Vega 11 Graphics,,1300 MHz,11,4,4096x2160@60 Hz,up to 4x HDMI 2.0b or 4x DP 1.4,up to 4K @60Hz,DDR4-3200,Dual Channel w/ECC,2x 10GbE,"1x USB 2.0, 1x USB 3.1 Gen1, 4x USB 3.1 Gen2",,2,"AZ , EMMC , eSPI , GPIO , I2C , I2S , LPC , SD , SMBus , SPI , UART",16L Gen3,,"DirectX® 12 Technology , OpenCL® , OpenGL , The Vulkan® API"
2025-03-11 09:46:21,https://www.amd.com/en/products/specifications/embedded.html,AMD Ryzen™ Embedded V1780B,Ryzen Embedded,Ryzen Embedded V1000 Series,SOC,YE1780C3T4MFB,Zen,FP5,,2028,Yes,3.35 GHz,3.6 GHz,4,8,2 MB,4 MB,35-54W,,0-105°C,Yes,,,,,,,,,DDR4-3200,Dual Channel w/ECC,2x 10GbE,"1x USB 2.0, 1x USB 3.1 Gen1, 4x USB 3.1 Gen2",,2,"AZ , EMMC , eSPI , GPIO , I2C , LPC , SD , SMBus , SPI , UART",16L Gen3,,
2025-03-11 09:46:21,https://www.amd.com/en/products/specifications/embedded.html,AMD Ryzen™ Embedded V1756B with Radeon™ Vega 8 Graphics,Ryzen Embedded,Ryzen Embedded V1000 Series,SOC,YE1756C3T4MFB,Zen,FP5,,2028,No,3.25 GHz,3.6 GHz,4,8,2 MB,4 MB,35-54W,,0-105°C,Yes,AMD Radeon™ Vega 8 Graphics,,1100 MHz,8,4,4096x2160@60 Hz,up to 4x HDMI 2.0b or 4x DP 1.4,up to 4K @60Hz,DDR4-3200,Dual Channel w/ECC,2x 10GbE,"1x USB 2.0, 1x USB 3.1 Gen1, 4x USB 3.1 Gen2",,2,"AZ , EMMC , eSPI , GPIO , I2C , I2S , LPC , SD , SMBus , SPI , UART",16L Gen3,,"DirectX® 12 Technology , OpenCL® , OpenGL , The Vulkan® API"
2025-03-11 09:46:21,https://www.amd.com/en/products/specifications/embedded.html,AMD Ryzen™ Embedded V1605B with Radeon™ Vega 8 Graphics,Ryzen Embedded,Ryzen Embedded V1000 Series,SOC,YE1605C4T4MFB,Zen,FP5,,2028,No,2 GHz,3.6 GHz,4,8,2 MB,4 MB,12-25W,,0-105°C,Yes,AMD Radeon™ Vega 8 Graphics,,1100 MHz,8,4,4096x2160@60 Hz,up to 4x HDMI 2.0b or 4x DP 1.4,up to 4K @60Hz,DDR4-2400,Dual Channel w/ECC,2x 10GbE,"1x USB 2.0, 1x USB 3.1 Gen1, 4x USB 3.1 Gen2",,2,"AZ , EMMC , eSPI , GPIO , I2C , I2S , LPC , SD , SMBus , SPI , UART",16L Gen3,,"DirectX® 12 Technology , OpenCL® , OpenGL , The Vulkan® API"
2025-03-11 09:46:21,https://www.amd.com/en/products/specifications/embedded.html,AMD Ryzen™ Embedded V1500B,Ryzen Embedded,Ryzen Embedded V1000 Series,SOC,YE1500C4T4MFB,Zen,FP5,,2028,Yes,2.2 GHz,,4,8,2 MB,4 MB,12-25W,,0-105°C,Yes,,,,,,,,,DDR4-2400,Dual Channel w/ECC,2x 10GbE,"1x USB 2.0, 1x USB 3.1 Gen1, 4x USB 3.1 Gen2",,2,"AZ , EMMC , eSPI , GPIO , I2C , LPC , SD , SMBus , SPI , UART",16L Gen3,,
2025-03-11 09:46:21,https://www.amd.com/en/products/specifications/embedded.html,AMD Ryzen™ Embedded V1202B with Radeon™ Vega 3 Graphics,Ryzen Embedded,Ryzen Embedded V1000 Series,SOC,YE1202C4T2OFB,Zen,FP5,,2028,No,2.3 GHz,3.2 GHz,2,4,1 MB,4 MB,12-25W,,0-105°C,Yes,AMD Radeon™ Vega 3 Graphics,,1000 MHz,3,4,4096x2160@60 Hz,up to 3x HDMI 2.0b or 3x DP 1.4,up to 4K @60Hz,DDR4-2400,Dual Channel w/ECC,2x 1GbE,"1x USB 2.0, 1x USB 3.1 Gen1, 4x USB 3.1 Gen2",,2,"AZ , EMMC , eSPI , GPIO , I2C , I2S , LPC , SD , SMBus , SPI , UART",16L Gen3,,"DirectX® 12 Technology , OpenCL® , OpenGL , The Vulkan® API"
2025-03-11 09:46:21,https://www.amd.com/en/products/specifications/embedded.html,AMD Ryzen™ Embedded R1606G with Radeon™ Vega 3 Graphics,Ryzen Embedded,Ryzen Embedded R1000 Series,SOC,YE1606C4T2OFG,Zen,FP5,,2029,No,2.6 GHz,3.5 GHz,2,4,1 MB,4 MB,12-25W,,0-105°C,Yes,AMD Radeon™ Vega 3 Graphics,,1200 MHz,3,3,4096x2160@60 Hz,up to 3x HDMI 2.0b or 3x DP 1.4,up to 4K,DDR4-2400,Dual Channel w/ECC,2x 10GbE,"2x USB 2.0, 4x USB 3.1 Gen2",,2,"AZ , EMMC , eSPI , GPIO , I2C , I2S , LPC , SD , SMBus , SPI , UART",8L Gen3,,
2025-03-11 09:46:21,https://www.amd.com/en/products/specifications/embedded.html,AMD Ryzen™ Embedded R1600,Ryzen Embedded,Ryzen Embedded R1000 Series,SOC,YE1600C4T2OFG,Zen,FP5,,2029,Yes,2.6 GHz,3.1 GHz,2,4,1 MB,4 MB,12--25W,,0-105°C,Yes,,,,,,,,,DDR4-2400,Dual Channel w/ECC,2x 10GbE,"2x USB 2.0, 4x USB 3.1 Gen2",,2,"AZ , EMMC , eSPI , GPIO , I2C , LPC , SD , SMBus , SPI , UART",8L Gen3,,
2025-03-11 09:46:21,https://www.amd.com/en/products/specifications/embedded.html,AMD Ryzen™ Embedded R1505G with Radeon™ Vega 3 Graphics,Ryzen Embedded,Ryzen Embedded R1000 Series,SOC,YE1505C4T2OFG,Zen,FP5,,2029,No,2.4 GHz,3.3 GHz,2,4,1 MB,4 MB,12-25W,,0-105°C,Yes,AMD Radeon™ Vega 3 Graphics,,1000 MHz,3,3,4096x2160@60 Hz,up to 3x HDMI 2.0b or 3x DP 1.4,up to 4K,DDR4-2400,Dual Channel w/ECC,2x 10GbE,"2x USB 2.0, 4x USB 3.1 Gen2",,2,"AZ , EMMC , eSPI , GPIO , I2C , I2S , LPC , SD , SMBus , SPI , UART",8L Gen3,,
2025-03-11 09:46:21,https://www.amd.com/en/products/specifications/embedded.html,AMD Ryzen™ Embedded R1305G with Radeon™ Vega 3 Graphics,Ryzen Embedded,Ryzen Embedded R1000 Series,SOC,YE1305C9T2OFG,Zen,FP5,,2029,No,1.5 GHz,2.8 GHz,2,4,1 MB,4 MB,8-10W,,0-105°C,Yes,AMD Radeon™ Vega 3 Graphics,,1000 MHz,3,3,4096x2160@60 Hz,up to 3x HDMI 2.0b or 3x DP 1.4,up to 4K,DDR4-2400,Dual Channel w/ECC,1x 10GbE,"2x USB 2.0, 4x USB 3.1 Gen2",,2,"AZ , EMMC , eSPI , GPIO , I2C , I2S , LPC , SD , SMBus , SPI , UART",8L Gen3,,
2025-03-11 09:46:21,https://www.amd.com/en/products/specifications/embedded.html,AMD Ryzen™ Embedded R1102G with Radeon™ Vega 3 Graphics,Ryzen Embedded,Ryzen Embedded R1000 Series,SOC,YE1102C7T2OFG,Zen,FP5,,2029,No,1.2 GHz,2.6 GHz,2,2,1 MB,4 MB,6W,,0-105°C,Yes,AMD Radeon™ Vega 3 Graphics,,1000 MHz,3,2,4096x2160@60 Hz,up to 2x HDMI 2.0b or 2x DP 1.4,up to 1080p,DDR4-2400,Single Channel w/ECC,2x 2.5GbE,"2x USB 2.0, 4x USB 3.1 Gen2",,2,"AZ , EMMC , eSPI , GPIO , I2C , I2S , LPC , SD , SMBus , SPI , UART",4L Gen3,,
2025-03-11 09:46:21,https://www.amd.com/en/products/specifications/embedded.html,AMD Ryzen™ 5 2400GE with Radeon™ RX Vega 11 Graphics,Ryzen Embedded,Ryzen Processors with extended availability,,YD2400C6M4MFBS,,,,2023,No,3.2 GHz,3.8 GHz,4,8,2 MB,4 MB,35W,,0-95°C,,AMD Radeon™ Vega 11 Graphics,,1250 MHz,11,,,DisplayPort and HDMI,,DDR4-2933,Dual Channel,,,,,,8L Gen3,,
2025-03-11 09:46:21,https://www.amd.com/en/products/specifications/embedded.html,AMD Ryzen™ 5 2400G with Radeon™ RX Vega 11 Graphics,Ryzen Embedded,Ryzen Processors with extended availability,,YD2400C5M4MFBS,,,,2023,No,3.6 GHz,3.9 GHz,4,8,2 MB,4 MB,45-65W,,0-95°C,,AMD Radeon™ Vega 11 Graphics,,1250 MHz,11,,,DisplayPort and HDMI,,DDR4-2933,Dual Channel,,,,,,8L Gen3,,
2025-03-11 09:46:21,https://www.amd.com/en/products/specifications/embedded.html,AMD Ryzen™ 3 2200GE with Radeon™ Vega 8 Graphics,Ryzen Embedded,Ryzen Processors with extended availability,,YD2200C6M4MFBS,,,,2023,No,3.2 GHz,3.6 GHz,4,4,2 MB,4 MB,35W,,0-95°C,,AMD Radeon™ Vega 8 Graphics,,1100 MHz,8,,,DisplayPort and HDMI,,DDR4-2933,Dual Channel,,,,,,8L Gen3,,
2025-03-11 09:46:21,https://www.amd.com/en/products/specifications/embedded.html,AMD Ryzen™ 3 2200G with Radeon™ Vega 8 Graphics,Ryzen Embedded,Ryzen Processors with extended availability,,YD2200C5M4MFBS,,,,2023,No,3.5 GHz,3.7 GHz,4,4,2 MB,4 MB,45-65W,,0-95°C,,AMD Radeon™ Vega 8 Graphics,,1100 MHz,8,,,DisplayPort and HDMI,,DDR4-2933,Dual Channel,,,,,,8L Gen3,,
2025-03-11 09:46:21,https://www.amd.com/en/products/specifications/embedded.html,RX-421ND,Embedded R-Series,R-Series SOC,SOC,RE421NAAY43KA,Excavator,FP4,,2025,Yes,2.1 GHz,3.4 GHz,4,,2 MB,,12-35W,,0-90°C,Yes,,,,,,,,,"DDR3-2133 , DDR4-2400",Dual Channel w/ECC,,"4x USB 2.0, 4x USB 3.0",,2,"AZ , EMMC , eSPI , GPIO , I2C , I2S , LPC , SD , SMBus , SPI , UART",12L Gen3,,"DirectX® 12 Technology , OpenCL® , OpenGL"
2025-03-11 09:46:21,https://www.amd.com/en/products/specifications/embedded.html,RX-421BD,Embedded R-Series,R-Series SOC,SOC,RE421BAAY43KA,Excavator,FP4,,2021,No,2.1 GHz,3.4 GHz,4,,2 MB,,12-35W,,0-90°C,Yes,R7,,800 MHz,8,3,4096x2160@60 Hz,,Yes,"DDR3-2133 , DDR4-2400",Dual Channel w/ECC,,"4x USB 2.0, 4x USB 3.0",,2,"AZ , EMMC , eSPI , GPIO , I2C , I2S , LPC , SD , SMBus , SPI , UART",12L Gen3,,"DirectX® 12 Technology , OpenCL® , OpenGL"
2025-03-11 09:46:21,https://www.amd.com/en/products/specifications/embedded.html,RX-418GD,Embedded R-Series,R-Series SOC,SOC,RE418GAAY43KA,Excavator,FP4,,2021,No,1.8 GHz,3.2 GHz,4,,2 MB,,12-35W,,0-90°C,Yes,R6,,800 MHz,6,3,4096x2160@60 Hz,,Yes,"DDR3-2133 , DDR4-2400",Dual Channel w/ECC,,"4x USB 2.0, 4x USB 3.0",,2,"AZ , EMMC , eSPI , GPIO , I2C , I2S , LPC , SD , SMBus , SPI , UART",12L Gen3,,"DirectX® 12 Technology , OpenCL® , OpenGL"
2025-03-11 09:46:21,https://www.amd.com/en/products/specifications/embedded.html,RX-416GD,Embedded R-Series,R-Series SOC,SOC,RE416GATY43KA,Excavator,FP4,,2021,No,1.6 GHz,2.4 GHz,4,,2 MB,,15W,,-40-105°C,Yes,R6,,576 MHz,6,3,4096x2160@60 Hz,,Yes,"DDR3-1600 , DDR4-1600",Dual Channel w/ECC,,"4x USB 2.0, 4x USB 3.0",,2,"AZ , EMMC , eSPI , GPIO , I2C , I2S , LPC , SD , SMBus , SPI , UART",12L Gen3,,"DirectX® 12 Technology , OpenCL® , OpenGL"
2025-03-11 09:46:21,https://www.amd.com/en/products/specifications/embedded.html,RX-216TD,Embedded R-Series,R-Series SOC,SOC,RE216TAAY23KA,Excavator,FP4,,2025,Yes,1.6 GHz,3 GHz,2,,1 MB,,12-15W,,0-90°C,Yes,,,,,,,,,"DDR3-1600 , DDR4-1600",Dual Channel w/ECC,,"4x USB 2.0, 4x USB 3.0",,2,"AZ , EMMC , eSPI , GPIO , I2C , I2S , LPC , SD , SMBus , SPI , UART",12L Gen3,,"DirectX® 12 Technology , OpenCL® , OpenGL"
2025-03-11 09:46:21,https://www.amd.com/en/products/specifications/embedded.html,RX-216GD,Embedded R-Series,R-Series SOC,SOC,RE216GAAY23KA,Excavator,FP4,,2021,No,1.6 GHz,3 GHz,2,,1 MB,,12-15W,,0-90°C,Yes,R5,,800 MHz,4,3,4096x2160@60 Hz,,Yes,"DDR3-1600 , DDR4-1600",Dual Channel w/ECC,,"4x USB 2.0, 4x USB 3.0",,2,"AZ , EMMC , eSPI , GPIO , I2C , I2S , LPC , SD , SMBus , SPI , UART",12L Gen3,,"DirectX® 12 Technology , OpenCL® , OpenGL"
2025-03-11 09:46:21,https://www.amd.com/en/products/specifications/embedded.html,GX-224IJ,Embedded G-Series,3rd Generation G-Series SOC J Family,SOC,GE224IAVY23AC,Excavator,FP4,,2021,No,2.4 GHz,2.8 GHz,2,,1 MB,,10-15W,,,Yes,R4E,600 MHz,600 MHz,3,2,4096x2160,,Yes,"DDR3L-1866 , DDR4-2133",Single Channel,,"4x USB 2.0, 4x USB 3.0",,1,"I2C , LPC , SPI , UART",8L Gen3,,"DirectX® 12 Technology , OpenCL® , OpenGL"
2025-03-11 09:46:21,https://www.amd.com/en/products/specifications/embedded.html,GX-215JJ,Embedded G-Series,3rd Generation G-Series SOC J Family,SOC,GE215JAWY23AC,Excavator,FP4,,2021,No,1.5 GHz,2 GHz,2,,1 MB,,6-10W,,,Yes,R2E,600 MHz,600 MHz,2,2,4096x2160,,Yes,"DDR3L-1600 , DDR4-1866",Single Channel,,"4x USB 2.0, 4x USB 3.0",,1,"I2C , LPC , SPI , UART",8L Gen3,,"DirectX® 12 Technology , OpenCL® , OpenGL"
2025-03-11 09:46:21,https://www.amd.com/en/products/specifications/embedded.html,GX-217GI,Embedded G-Series,3rd Generation G-Series SOC I Family,SOC,GE217GAAY23KA,Excavator,FP4,,2021,No,1.7 GHz,2 GHz,2,,1 MB,,12-15W,,,Yes,R6E,758 MHz,758 MHz,4,2,4096x2160,,Yes,"DDR3-1600 , DDR4-1600",Dual Channel w/ECC,,"4x USB 2.0, 4x USB 3.0",,2,"I2C , I2S , SPI , UART",8L Gen3,,"DirectX® 12 Technology , OpenCL® , OpenGL"
2025-03-11 09:46:21,https://www.amd.com/en/products/specifications/embedded.html,RX-427NB,Embedded R-Series,2nd Generation R-Series APU,APU,RE427NDGH44JA,Steamroller,FP3,,2021,No,2.7 GHz,3.4 GHz,4,,4 MB,,35W,,0-100°C,No,,,,,,,,,DDR3-2133,Dual Channel w/ECC,,"10x USB 2.0, 2x USB 3.0",,2,"LPC , SD , SPI",16L Gen3,,"DirectX® 12 Technology , OpenCL® , OpenGL"
2025-03-11 09:46:21,https://www.amd.com/en/products/specifications/embedded.html,RX-427BB,Embedded R-Series,2nd Generation R-Series APU,APU,RE427BDGH44JA,Steamroller,FP3,,2021,No,2.7 GHz,3.6 GHz,4,,4 MB,,35W,,0-100°C,No,HD 9000,600 MHz,686 MHz,8,4,4096x2160@30 Hz,,Yes,DDR3-2133,Dual Channel w/ECC,,"10x USB 2.0, 2x USB 3.0",,2,"LPC , SD , SPI",16L Gen3,,"DirectX® 12 Technology , OpenCL® , OpenGL"
2025-03-11 09:46:21,https://www.amd.com/en/products/specifications/embedded.html,RX-425BB,Embedded R-Series,2nd Generation R-Series APU,APU,RE425BDGH44JA,Steamroller,FP3,,2021,No,2.5 GHz,3.4 GHz,4,,4 MB,,35W,,0-100°C,No,HD 9000,576 MHz,654 MHz,6,4,4096x2160@30 Hz,,Yes,DDR3-1866,Dual Channel w/ECC,,"10x USB 2.0, 2x USB 3.0",,2,"LPC , SD , SPI",16L Gen3,,"DirectX® 12 Technology , OpenCL® , OpenGL"
2025-03-11 09:46:21,https://www.amd.com/en/products/specifications/embedded.html,RX-225FB,Embedded R-Series,2nd Generation R-Series APU,APU,RE225FECH23JA,Steamroller,FP3,,2021,No,2.2 GHz,3 GHz,2,,2 MB,,17W,,0-100°C,No,HD 9000,464 MHz,533 MHz,3,4,4096x2160@30 Hz,,Yes,DDR3-1600,Dual Channel w/ECC,,"10x USB 2.0, 2x USB 3.0",,2,"LPC , SD , SPI",16L Gen3,,"DirectX® 12 Technology , OpenCL® , OpenGL"
2025-03-11 09:46:21,https://www.amd.com/en/products/specifications/embedded.html,RX-219NB,Embedded R-Series,2nd Generation R-Series APU,APU,RE219NECH23JA,Steamroller,FP3,,2021,No,2.2 GHz,3 GHz,2,,2 MB,,17W,,0-100°C,No,,,,,,,,Yes,DDR3-1600,Dual Channel w/ECC,,"10x USB 2.0, 2x USB 3.0",,2,"LPC , SD , SPI",16L Gen3,,"DirectX® 12 Technology , OpenCL® , OpenGL"
2025-03-11 09:46:21,https://www.amd.com/en/products/specifications/embedded.html,GX424PC,Embedded G-Series,2nd Generation G-Series SOC,SOC,GE424PIXJ44JB,Jaguar+,FT3b,,2023,No,2.4 GHz,2.4 GHz,4,,2 MB,,25W,,,No,,,,,,,,No,DDR3-1866,Single Channel w/ECC,,"8x USB 2.0, 2x USB 3.0",,2,"LPC , SPI",8L Gen2,,
2025-03-11 09:46:21,https://www.amd.com/en/products/specifications/embedded.html,GX-424CC,Embedded G-Series,2nd Generation G-Series SOC,SOC,GE424CIXJ44JB,Jaguar+,FT3b,,2021,No,2.4 GHz,2.4 GHz,4,,2 MB,,25W,,,No,R5E,655 MHz,800 MHz,2,2,4096x2160,,No,DDR3-1866,Single Channel w/ECC,,"8x USB 2.0, 2x USB 3.0",,2,"LPC , SPI",8L Gen2,,"DirectX® 11.2 , OpenCL® 1.2 , OpenGL 4.3"
2025-03-11 09:46:21,https://www.amd.com/en/products/specifications/embedded.html,GX-420MC,Embedded G-Series,2nd Generation G-Series SOC,CPU,GE420MIXJ44JB,Jaguar+,FT3b,,2023,No,2 GHz,2 GHz,4,,2 MB,,17.5W,,,No,,,,,,,,No,DDR3-1600,Single Channel w/ECC,,"8x USB 2.0, 2x USB 3.0",,2,"LPC , SPI",8L Gen2,,"DirectX® 11.2 , OpenCL® 1.2 , OpenGL 4.3"
2025-03-11 09:46:21,https://www.amd.com/en/products/specifications/embedded.html,GX-412TC,Embedded G-Series,2nd Generation G-Series SOC,CPU,GE412TIYJ44JB,Jaguar+,FT3b,,2023,No,1 GHz,1.4 GHz,4,,2 MB,,6W,,,No,,,,,,,,No,DDR3-1333,Single Channel w/ECC,,"8x USB 2.0, 2x USB 3.0",,2,"LPC , SPI",8L Gen2,,"DirectX® 11.2 , OpenCL® 1.2 , OpenGL 4.3"
2025-03-11 09:46:21,https://www.amd.com/en/products/specifications/embedded.html,GX-412HC,Embedded G-Series,2nd Generation G-Series SOC,SOC,GE412HIYJ44JB,Jaguar+,FT3b,,2021,No,1.2 GHz,1.6 GHz,4,,2 MB,,7 - 15W,,,No,R3E,267 MHz,350 MHz,2,2,4096x2160,,No,DDR3-1333,Single Channel w/ECC,,"8x USB 2.0, 2x USB 3.0",,2,"LPC , SPI",8L Gen2,,"DirectX® 11.2 , OpenCL® 1.2 , OpenGL 4.3"
2025-03-11 09:46:21,https://www.amd.com/en/products/specifications/embedded.html,GX-410VC,Embedded G-Series,2nd Generation G-Series SOC,CPU,GE410VIZJ44JB,Jaguar+,FT3b,,2023,No,1 GHz,1 GHz,4,,2 MB,,7W,,,No,,,,,,,,No,DDR3-1066,Single Channel w/ECC,,"8x USB 2.0, 2x USB 3.0",,2,"LPC , SPI",8L Gen2,,"DirectX® 11.2 , OpenCL® 1.2 , OpenGL 4.3"
2025-03-11 09:46:21,https://www.amd.com/en/products/specifications/embedded.html,GX-224PC,Embedded G-Series,2nd Generation G-Series SOC,CPU,GE224PIXJ23JB,Jaguar+,FT3b,,2023,No,2.4 GHz,2.4 GHz,2,,1 MB,,25W,,,No,,,,,,,,No,DDR3-1866,Single Channel w/ECC,,"8x USB 2.0, 2x USB 3.0",,2,"LPC , SPI",8L Gen2,,"DirectX® 11.2 , OpenCL® 1.2 , OpenGL 4.3"
2025-03-11 09:46:21,https://www.amd.com/en/products/specifications/embedded.html,GX-222GC,Embedded G-Series,2nd Generation G-Series SOC,SOC,GE222GITJ23JB,Jaguar+,FT3b,,2021,No,2.2 GHz,2.4 GHz,2,,2 MB,,15 (10 - 25)W,,,No,R5E,655 MHz,800 MHz,2,2,4096x2160,,No,DDR3-1600,Single Channel w/ECC,,"8x USB 2.0, 2x USB 3.0",,2,"LPC , SPI",8L Gen2,,"DirectX® 11.2 , OpenCL® 1.2 , OpenGL 4.3"
2025-03-11 09:46:21,https://www.amd.com/en/products/specifications/embedded.html,GX-216HC,Embedded G-Series,2nd Generation G-Series SOC,SOC,GE216HHBJ23JB,Jaguar+,FT3b,,2021,No,1.6 GHz,1.6 GHz,2,,2 MB,,10W,,,No,R4E,300 MHz,300 MHz,2,2,4096x2160,,No,DDR3-1066,Single Channel w/ECC,,"8x USB 2.0, 2x USB 3.0",,2,"LPC , SPI",8L Gen2,,"DirectX® 11.2 , OpenCL® 1.2 , OpenGL 4.3"
2025-03-11 09:46:21,https://www.amd.com/en/products/specifications/embedded.html,GX-212JC,Embedded G-Series,2nd Generation G-Series SOC,SOC,GE212JIYJ23JB,Jaguar+,FT3b,,2021,No,1.2 GHz,1.4 GHz,2,,2 MB,,6 - 15W,,,No,R2E,267 MHz,300 MHz,2,2,4096x2160,,No,DDR3-1333,Single Channel w/ECC,,"8x USB 2.0, 2x USB 3.0",,2,"LPC , SPI",8L Gen2,,"DirectX® 11.2 , OpenCL® 1.2 , OpenGL 4.3"
2025-03-11 09:46:21,https://www.amd.com/en/products/specifications/embedded.html,GX-210JC,Embedded G-Series,2nd Generation G-Series SOC,SOC,GE210JIZJ23JB,Jaguar+,FT3b,,2021,No,1 GHz,1 GHz,2,,2 MB,,7W,,,No,R1E,267 MHz,267 MHz,2,2,4096x2160,,No,DDR3-1066,Single Channel w/ECC,,"8x USB 2.0, 2x USB 3.0",,2,"LPC , SPI",8L Gen2,,"DirectX® 11.2 , OpenCL® 1.2 , OpenGL 4.3"
2025-03-11 09:46:21,https://www.amd.com/en/products/specifications/embedded.html,GX-218GL,Embedded G-Series,G-Series LX SOC,SOC,GE218GITJ23JB,Jaguar+,FT3b,,2021,No,1.8 GHz,1.8 GHz,2,,1 MB,,10-15W,,,No,R1E,497 MHz,497 MHz,1,2,1920x1080,,No,DDR3-1600,Single Channel w/ECC,,"4x USB 2.0, 2x USB 3.0",,2,"LPC , SPI",4L Gen2,,"DirectX® 11.2 , OpenCL® 1.2 , OpenGL 4.3"
2025-03-11 09:46:21,https://www.amd.com/en/products/specifications/embedded.html,GX-215GL,Embedded G-Series,G-Series LX SOC,SOC,GE215GITJ23JB,Jaguar+,FT3b,,2021,No,1.5 GHz,1.5 GHz,2,,1 MB,,10-15W,,,No,R1E,497 MHz,497 MHz,1,2,1920x1080,,No,DDR3-1600,Single Channel w/ECC,,"4x USB 2.0, 2x USB 3.0",,2,"LPC , SPI",4L Gen2,,"DirectX® 11.2 , OpenCL® 1.2 , OpenGL 4.3"
2025-03-11 09:46:21,https://www.amd.com/en/products/specifications/embedded.html,GX-210KL,Embedded G-Series,G-Series LX SOC,SOC,GE210KIVJ23JB,Jaguar+,FT3b,,2021,No,1 GHz,1 GHz,2,,1 MB,,4.5-15W,,,No,R1E,267 MHz,267 MHz,1,2,1920x1080,,No,DDR3-1333,Single Channel w/ECC,,"4x USB 2.0, 2x USB 3.0",,2,"LPC , SPI",4L Gen2,,"DirectX® 11.2 , OpenCL® 1.2 , OpenGL 4.3"
2025-03-11 09:46:21,https://www.amd.com/en/products/specifications/embedded.html,GX-210HL,Embedded G-Series,G-Series LX SOC,SOC,GE210HIZJ23JB,Jaguar+,FT3b,,2021,No,1 GHz,1 GHz,2,,1 MB,,7W,,,No,R1E,267 MHz,267 MHz,1,2,1920x1080,,No,DDR3-1333,Single Channel w/ECC,,"4x USB 2.0, 2x USB 3.0",,2,"LPC , SPI",4L Gen2,,"DirectX® 11.2 , OpenCL® 1.2 , OpenGL 4.3"
2025-03-11 09:46:21,https://www.amd.com/en/products/specifications/embedded.html,GX-420CA,Embedded G-Series,1st Generation G-Series SOC,SOC,GE420CIAJ44HM,Jaguar,FT3,,2023,No,2 GHz,2 GHz,4,,2 MB,,25W,,,No,HD 8000,600 MHz,600 MHz,2,2,,,No,DDR3-1600,Single Channel w/ECC,,"8x USB 2.0, 2x USB 3.0",,2,"LPC , SPI",8L Gen2,,DirectX® 11.1
2025-03-11 09:46:21,https://www.amd.com/en/products/specifications/embedded.html,GX-416RA,Embedded G-Series,1st Generation G-Series SOC,CPU,GE416RIBJ44HM,Jaguar,FT3,,2023,No,1.6 GHz,1.6 GHz,4,,2 MB,,15W,,,No,,,,,,,,No,DDR3-1600,Single Channel w/ECC,,"8x USB 2.0, 2x USB 3.0",,2,"LPC , SPI",8L Gen2,,DirectX® 11.1
2025-03-11 09:46:21,https://www.amd.com/en/products/specifications/embedded.html,GX-415GA,Embedded G-Series,1st Generation G-Series SOC,SOC,GE415GIBJ44HM,Jaguar,FT3,,2023,No,1.5 GHz,1.5 GHz,4,,2 MB,,15W,,,No,HD 8000,500 MHz,500 MHz,2,2,,,No,DDR3-1600,Single Channel w/ECC,,"8x USB 2.0, 2x USB 3.0",,2,"LPC , SPI",8L Gen2,,DirectX® 11.1
2025-03-11 09:46:21,https://www.amd.com/en/products/specifications/embedded.html,GX-411GA,Embedded G-Series,1st Generation G-Series SOC,SOC,GE411GIRJ44HM,Jaguar,FT3,,2023,No,1.1 GHz,1.1 GHz,4,,2 MB,,15W,,,No,HD 8000,300 MHz,300 MHz,2,2,,,No,DDR3-1066,Single Channel w/ECC,,"8x USB 2.0, 2x USB 3.0",,2,"LPC , SPI",8L Gen2,,DirectX® 11.1
2025-03-11 09:46:21,https://www.amd.com/en/products/specifications/embedded.html,GX-218TF,Embedded G-Series,1st Generation G-Series SOC,CPU,GE218TIBJ23HM,Jaguar,FT3,,2023,No,1.8 GHz,1.8 GHz,2,,1 MB,,15W,,,No,,,,,,,,No,DDR3-1333,Single Channel,,"8x USB 2.0, 2x USB 3.0",,2,"LPC , SPI",8L Gen2,,DirectX® 11.1
2025-03-11 09:46:21,https://www.amd.com/en/products/specifications/embedded.html,GX-217GA,Embedded G-Series,1st Generation G-Series SOC,SOC,GE217GIBJ23HM,Jaguar,FT3,,2023,No,1.65 GHz,1.65 GHz,2,,1 MB,,15W,,,No,HD 8000,450 MHz,450 MHz,2,2,,,No,DDR3-1600,Single Channel w/ECC,,"8x USB 2.0, 2x USB 3.0",,2,"LPC , SPI",8L Gen2,,DirectX® 11.1
2025-03-11 09:46:21,https://www.amd.com/en/products/specifications/embedded.html,GX-210UA,Embedded G-Series,1st Generation G-Series SOC,CPU,GE210UIGJ23HM,Jaguar,FT3,,2023,No,1 GHz,1 GHz,2,,1 MB,,8.5W,,,No,,,,,,,,No,DDR3-1333,Single Channel w/ECC,,"8x USB 2.0, 2x USB 3.0",,2,"LPC , SPI",8L Gen2,,DirectX® 11.1
2025-03-11 09:46:21,https://www.amd.com/en/products/specifications/embedded.html,GX-210JA,Embedded G-Series,1st Generation G-Series SOC,SOC,GE210JIHJ23HM,Jaguar,FT3,,2023,No,1 GHz,1 GHz,2,,1 MB,,6W,,,No,HD 8000,225 MHz,225 MHz,2,2,,,No,DDR3-1066,Single Channel w/ECC,,"8x USB 2.0, 2x USB 3.0",,2,"LPC , SPI",8L Gen2,,DirectX® 11.1
2025-03-11 09:46:21,https://www.amd.com/en/products/specifications/embedded.html,GX-210HA,Embedded G-Series,1st Generation G-Series SOC,SOC,GE210HICJ23HM,Jaguar,FT3,,2023,No,1 GHz,1 GHz,2,,1 MB,,9W,,,No,HD 8000,300 MHz,300 MHz,2,2,,,No,DDR3-1333,Single Channel w/ECC,,"8x USB 2.0, 2x USB 3.0",,2,"LPC , SPI",8L Gen2,,DirectX® 11.1
2025-03-11 09:46:21,https://www.amd.com/en/products/specifications/embedded.html,GX-209HA,Embedded G-Series,1st Generation G-Series SOC,SOC,GE209HISJ23HM,Jaguar,FT3,,2023,No,1 GHz,1 GHz,2,,1 MB,,9W,,,No,HD 8000,225 MHz,225 MHz,2,2,,,No,DDR3-1066,Single Channel w/ECC,,"8x USB 2.0, 2x USB 3.0",,2,"LPC , SPI",8L Gen2,,DirectX® 11.1
2025-03-11 09:46:21,https://www.amd.com/en/products/specifications/embedded.html,GX-208VF,Embedded G-Series,1st Generation G-Series SOC,CPU,GE208VIFJ23HM,Jaguar,FT3,,2023,No,800 MHz,800 MHz,2,,1 MB,,6W,,,No,,,,,,,,No,DDR3-1066,Single Channel,,"8x USB 2.0, 2x USB 3.0",,2,"LPC , SPI",8L Gen2,,DirectX® 11.1
